Bill,Sell
,3208689065
,3208689066
,3208689075
,3208689082
,3208689097
,3208689103
,3208689130
,3208689151
,3208689183
,3208689189
,3208689190
,3208689307
,3208689343
,3208689351
,3208689357
,3208689376
,3208689393
,3208689433
,3208689549
,3208689557
,3208689561
,3208689567
,3208689574
,3208689579
,3208689580
,3208689583
,3208689585
,3208689587
,3208689590
,3208689592
,3208689593
,3208689600
,3208689601
,3208689771
,3208689776
,3208689777
,3208689780
,3208689784
,3208689787
,3208689792
,3208689796
